0,http://politics.people.com.cn/n1/2022/0530/c1024-32434255.html
1,http://politics.people.com.cn/n1/2022/0530/c1001-32434256.html
2,http://politics.people.com.cn/n1/2022/0530/c1001-32434226.html
3,http://politics.people.com.cn/n1/2022/0530/c1001-32434165.html
4,http://politics.people.com.cn/n1/2022/0530/c1001-32434201.html
5,http://politics.people.com.cn/n1/2022/0530/c1024-32434150.html
6,http://politics.people.com.cn/n1/2022/0530/c1024-32434112.html
7,http://society.people.com.cn/n1/2022/0530/c1008-32433295.html
8,http://politics.people.com.cn/n1/2022/0530/c1001-32434191.html
9,http://society.people.com.cn/n1/2022/0530/c1008-32433954.html
10,http://politics.people.com.cn/n1/2022/0530/c1001-32434168.html
11,http://politics.people.com.cn/n1/2022/0530/c1001-32434225.html
12,http://finance.people.com.cn/n1/2022/0530/c1004-32433733.html
13,http://finance.people.com.cn/n1/2022/0530/c1004-32434164.html
14,http://finance.people.com.cn/n1/2022/0530/c1004-32434188.html
15,http://finance.people.com.cn/n1/2022/0530/c1004-32433920.html
16,http://finance.people.com.cn/n1/2022/0530/c1004-32434148.html
17,http://finance.people.com.cn/n1/2022/0530/c1004-32434204.html
18,http://finance.people.com.cn/n1/2022/0530/c1004-32433246.html
19,http://finance.people.com.cn/n1/2022/0530/c1004-32434243.html
20,http://ent.people.com.cn/n1/2022/0530/c1012-32433976.html
21,http://world.people.com.cn/n1/2022/0530/c1002-32434215.html
22,http://gz.people.com.cn/n2/2022/0530/c222152-35292279.html
23,http://bj.people.com.cn/n2/2022/0530/c14540-35292959.html
24,http://finance.people.com.cn/n1/2022/0530/c1004-32433665.html
25,http://finance.people.com.cn/n1/2022/0530/c1004-32433632.html
26,http://finance.people.com.cn/n1/2022/0530/c1004-32433653.html
27,http://finance.people.com.cn/n1/2022/0530/c1004-32433677.html
28,http://finance.people.com.cn/n1/2022/0530/c1004-32433681.html
29,http://finance.people.com.cn/n1/2022/0530/c1004-32433659.html
30,http://finance.people.com.cn/n1/2022/0530/c1004-32433639.html
31,http://society.people.com.cn/n1/2022/0530/c1008-32433536.html
32,http://society.people.com.cn/n1/2022/0530/c1008-32433525.html
33,http://society.people.com.cn/n1/2022/0530/c1008-32433531.html
34,http://finance.people.com.cn/n1/2022/0530/c1004-32433683.html
35,http://finance.people.com.cn/n1/2022/0530/c1004-32433327.html
36,http://society.people.com.cn/n1/2022/0530/c1008-32433516.html
37,http://society.people.com.cn/n1/2022/0530/c1008-32433760.html
38,http://kpzg.people.com.cn/n1/2022/0530/c404214-32433480.html
39,http://leaders.people.com.cn/n1/2022/0530/c58278-32433360.html
40,http://leaders.people.com.cn/n1/2022/0530/c58278-32433349.html
41,http://society.people.com.cn/n1/2022/0530/c1008-32433763-4.html
42,http://society.people.com.cn/n1/2022/0530/c1008-32433573.html
43,http://kpzg.people.com.cn/n1/2022/0530/c404214-32433472.html
44,http://kpzg.people.com.cn/n1/2022/0530/c404214-32433514.html
45,http://world.people.com.cn/n1/2022/0530/c1002-32433255.html
46,http://world.people.com.cn/n1/2022/0530/c1002-32433309.html
47,http://world.people.com.cn/n1/2022/0530/c1002-32433341.html
48,http://world.people.com.cn/n1/2022/0530/c1002-32433311.html
49,http://world.people.com.cn/n1/2022/0530/c1002-32433556.html
50,http://world.people.com.cn/n1/2022/0530/c1002-32433308.html
51,http://world.people.com.cn/n1/2022/0530/c1002-32433558.html
52,http://world.people.com.cn/n1/2022/0530/c1002-32433340.html
53,http://world.people.com.cn/n1/2022/0530/c1002-32433310.html
54,http://edu.people.com.cn/n1/2022/0530/c1006-32433463.html
55,http://edu.people.com.cn/n1/2022/0530/c1006-32433496.html
56,http://edu.people.com.cn/n1/2022/0530/c1006-32433503.html
57,http://edu.people.com.cn/n1/2022/0530/c1006-32433535.html
58,http://edu.people.com.cn/n1/2022/0530/c1006-32433482.html
59,http://edu.people.com.cn/n1/2022/0530/c1006-32433527.html
60,http://world.people.com.cn/n1/2022/0530/c1002-32433564.html
61,http://gz.people.com.cn/n2/2022/0530/c194827-35291487.html
62,http://military.people.com.cn/n1/2022/0530/c1011-32433792.html
63,http://ent.people.com.cn/n1/2022/0530/c1012-32433584.html
64,http://military.people.com.cn/n1/2022/0530/c1011-32433799.html
65,http://yn.people.com.cn/n2/2022/0530/c378439-35291768.html
66,http://ent.people.com.cn/n1/2022/0530/c1012-32433571.html
67,http://ent.people.com.cn/n1/2022/0530/c1012-32433581.html
68,http://military.people.com.cn/n1/2022/0530/c1011-32433796.html
69,http://military.people.com.cn/n1/2022/0530/c1011-32433826.html
70,http://military.people.com.cn/n1/2022/0530/c1011-32433806.html
71,http://military.people.com.cn/n1/2022/0530/c1011-32433810.html
72,http://ent.people.com.cn/n1/2022/0530/c1012-32433567.html
73,http://ent.people.com.cn/n1/2022/0530/c1012-32433629.html
74,http://ent.people.com.cn/n1/2022/0530/c1012-32433668.html
75,http://ent.people.com.cn/n1/2022/0530/c1012-32433616.html
76,http://ent.people.com.cn/n1/2022/0530/c1012-32433662.html
77,http://ent.people.com.cn/n1/2022/0530/c1012-32433716.html
78,http://hlj.people.com.cn/n2/2022/0530/c220027-35291518.html
79,http://ent.people.com.cn/n1/2022/0530/c1012-32433652.html
80,http://ent.people.com.cn/n1/2022/0530/c1012-32433705.html
81,http://ln.people.com.cn/n2/2022/0530/c378318-35291389.html
82,http://politics.people.com.cn/n1/2022/0531/c1001-32434279.html
83,http://fj.people.com.cn/n2/2022/0530/c181466-35291548.html
84,http://politics.people.com.cn/n1/2022/0531/c1001-32434647.html
85,http://politics.people.com.cn/n1/2022/0531/c1001-32434283.html
86,http://society.people.com.cn/n1/2022/0531/c1008-32434323.html
87,http://politics.people.com.cn/n1/2022/0531/c1001-32434285.html
88,http://politics.people.com.cn/n1/2022/0531/c1001-32434348.html
89,http://world.people.com.cn/n1/2022/0531/c1002-32434281.html
90,http://world.people.com.cn/n1/2022/0531/c1002-32434280.html
91,http://politics.people.com.cn/n1/2022/0531/c1024-32434274.html
92,http://world.people.com.cn/n1/2022/0531/c1002-32434361.html
93,http://society.people.com.cn/n1/2022/0531/c1008-32434297.html
94,http://politics.people.com.cn/n1/2022/0531/c1024-32434275.html
95,http://politics.people.com.cn/n1/2022/0531/c1024-32434273.html
96,http://politics.people.com.cn/n1/2022/0531/c1001-32434284.html
97,http://politics.people.com.cn/n1/2022/0531/c1001-32434299.html
98,http://edu.people.com.cn/n1/2022/0531/c1006-32434301.html
99,http://finance.people.com.cn/n1/2022/0531/c1004-32434313.html
100,http://politics.people.com.cn/n1/2022/0531/c1001-32434300.html
101,http://world.people.com.cn/n1/2022/0531/c1002-32434346.html
102,http://finance.people.com.cn/n1/2022/0531/c1004-32434304.html
103,http://opinion.people.com.cn/n1/2022/0531/c1003-32434295.html
104,http://env.people.com.cn/n1/2022/0531/c1010-32434327.html
105,http://finance.people.com.cn/n1/2022/0531/c1004-32434659.html
106,http://finance.people.com.cn/n1/2022/0531/c1004-32434723.html
107,http://yn.people.com.cn/n2/2022/0531/c372456-35293544.html
108,http://finance.people.com.cn/n1/2022/0531/c1004-32434655.html
109,http://env.people.com.cn/n1/2022/0531/c1010-32434328.html
110,http://finance.people.com.cn/n1/2022/0531/c1004-32434658.html
111,http://finance.people.com.cn/n1/2022/0531/c1004-32434677.html
112,http://society.people.com.cn/n1/2022/0531/c1008-32434632.html
113,http://society.people.com.cn/n1/2022/0531/c1008-32434629.html
114,http://society.people.com.cn/n1/2022/0531/c1008-32434619.html
115,http://kpzg.people.com.cn/n1/2022/0531/c404214-32434562.html
116,http://society.people.com.cn/n1/2022/0531/c1008-32434639.html
117,http://society.people.com.cn/n1/2022/0531/c1008-32434623.html
118,http://finance.people.com.cn/n1/2022/0531/c1004-32434732.html
119,http://finance.people.com.cn/n1/2022/0531/c1004-32434693.html
120,http://kpzg.people.com.cn/n1/2022/0531/c404214-32434570.html
121,http://edu.people.com.cn/n1/2022/0531/c1006-32434614.html
122,http://kpzg.people.com.cn/n1/2022/0531/c404214-32434612.html
123,http://edu.people.com.cn/n1/2022/0531/c1006-32434580.html
124,http://finance.people.com.cn/n1/2022/0531/c1004-32434722.html
125,http://finance.people.com.cn/n1/2022/0531/c1004-32434668.html
126,http://edu.people.com.cn/n1/2022/0531/c1006-32434564.html
127,http://edu.people.com.cn/n1/2022/0531/c1006-32434554.html
128,http://society.people.com.cn/n1/2022/0531/c1008-32434671-5.html
129,http://edu.people.com.cn/n1/2022/0531/c1006-32434574.html
130,http://society.people.com.cn/n1/2022/0531/c1008-32434670-3.html
131,http://world.people.com.cn/n1/2022/0531/c1002-32434363.html
132,http://world.people.com.cn/n1/2022/0531/c1002-32434345.html
133,http://world.people.com.cn/n1/2022/0531/c1002-32434344.html
134,http://world.people.com.cn/n1/2022/0531/c1002-32434364.html
135,http://world.people.com.cn/n1/2022/0531/c1002-32434339.html
136,http://edu.people.com.cn/n1/2022/0531/c1006-32434624.html
137,http://world.people.com.cn/n1/2022/0531/c1002-32434342.html
138,http://world.people.com.cn/n1/2022/0531/c1002-32434343.html
139,http://world.people.com.cn/n1/2022/0531/c1002-32434362.html
140,http://world.people.com.cn/n1/2022/0531/c1002-32434360.html
141,http://gz.people.com.cn/n2/2022/0531/c194827-35293451.html
142,http://ent.people.com.cn/n1/2022/0531/c1012-32434544.html
143,http://ent.people.com.cn/n1/2022/0531/c1012-32434559.html
144,http://ent.people.com.cn/n1/2022/0531/c1012-32434520.html
145,http://ent.people.com.cn/n1/2022/0531/c1012-32434555.html
146,http://ent.people.com.cn/n1/2022/0531/c1012-32434496.html
147,http://ln.people.com.cn/n2/2022/0531/c378317-35293308.html
148,http://ent.people.com.cn/n1/2022/0531/c1012-32434457.html
149,http://fj.people.com.cn/n2/2022/0531/c181466-35293554.html
150,http://ent.people.com.cn/n1/2022/0531/c1012-32434534.html
151,http://ent.people.com.cn/n1/2022/0531/c1012-32434452.html
152,http://ent.people.com.cn/n1/2022/0531/c1012-32434498.html
153,http://ent.people.com.cn/n1/2022/0531/c1012-32434638.html
154,http://sc.people.com.cn/n2/2022/0531/c379470-35293287.html
155,http://gs.people.com.cn/n2/2022/0531/c183283-35293590.html
156,http://ent.people.com.cn/n1/2022/0531/c1012-32434512.html
